EmployeeNumber,Emplyee name
405,Barak Sali
411,Mumin Yusha
614,Cordia M Knopp
1012,Burton C Jin
1156,Femi Grek
1368,Hugh N Chavira
1624,Lucius C Moorhead
1839,Deane I Keown
167,Joannie E Wolters
201,Christene L Mccaleb
235,Alline V Kushner
243,Lala C Marquez
566,Derick A Macey
959,Eda O Brase
1193,Willis D Weissman
1248,Mariam F Pinheiro
1269,Malcom L Meister
137,Holli G Ethridge
657,Cole N Poling
701,Ahmad V Lynde
922,Mariano F Leary
960,Tawanda E Buchanon
1016,Nickolas G Grossi
1077,Bradford K Marlatt
1198,Carlton P Bose
1226,Asuncion X Braunstein
1657,Theron T Kramer
1680,Jeramy F Metoyer
30,Sol K Roger
379,Earnest H Birkholz
478,Amada J Knouse
484,Gregorio H Hottinger
494,Lawerence W Abernethy
669,Marina X Quayle
923,Whitney N Wasinger
1079,Roy W Wilkie
1131,Hyun Z Bynoe
1279,Katelin F Coney
1623,Jennifer Z Pridgen
1780,Zachary U Breeden
2021,Deon U Mounce
22,Buddy G Steinbeck
144,Julius N Bakker
169,Hans G Koh
217,Jamal G Dimarco
284,Stephan Q Ranger
511,Jackie P Montague
593,Nathanael W Ohl
675,Hosea B Michelson
872,Carly L Sirianni
926,Abram S Manrique
1019,Mica Z Herzberg
1203,Lemuel W Hardman
1605,Shanelle Z Hick
1783,Maryellen H Hartness
1878,Sylvester Z Blackledge
2007,Vivienne X Binion
113,Ahmed C Minch
465,Leopoldo U Hole
705,Gemma I Chilton
758,Laurence K Ryles
784,Eleanor D Dickson
811,Elsy B Latta
1270,Sherwood K Shire
1533,Carolynn V Moynihan
1592,Mckinley H Scofield
1684,Brendon V Crowther
1702,Nancy V Trogdon
1735,Darin U Shipp
1982,Joel S Maine
2023,Luciana N Campfield
26,Gilbert Z Bloss
45,Sharda W Choudhury
128,Chung J Moynihan
150,Dayna M Edmondson
507,Bobbie S Miner
554,Gidget X Loring
632,Hettie S Lauber
639,Toi F Stallard
643,Tristan L Cockrell
647,Towanda H Matson
720,Leland C Fifield
812,Audria W Barrios
888,Jim J Lurie
1009,Lorette Y Petrillo
1173,Damian X Grist
1219,Zana G Ordonez
1445,Rhett A Chapple
1494,Jeneva Y Bybee
1495,Brendon J Camp
1551,Nettie T Mccandless
1646,Lezlie Z Bohannan
1707,Hester B Cabana
1714,Isobel K Dance
1725,Erica S Harlan
1746,Leda X Haskell
1981,Loralee V Ball
142,Otha T Orrell
143,Honey D Eaves
183,Ellis V Mcneel
350,Gabriel S Beale
369,Nathanael G Mcmillin
527,Donald H Mazur
538,Eliz R Linneman
645,Gracie P Lett
707,Gema S Grover
781,Delana Y Freedman
854,Mary Y Tate
879,Abe J Macleod
885,Evon Q Lawson
952,Jerlene P Dunnigan
1106,Bobbie X Schoenrock
1240,Mike A Waddington
1273,Nigel K Wadsworth
1303,Hayden E Novack
1358,Voncile P Trojanowski
1399,Roberto U Derry
1415,Tona S Huseby
1439,Londa T Maya
1653,Jocelyn Q Scotti
1987,Frank O Mallon
1992,Kurtis C Irons
2018,Jamey S Seim
55,Walton S Keim
72,Micki R Jauregui
164,Ngoc X Watson
177,Inocencia Z Buteau
384,Charlie V Koeller
390,Rosy U Baumeister
394,Charity N Denman
401,Luke S Tumlin
476,Hannah K Ma
510,Celinda C Magruder
560,Arturo N Halvorsen
608,Tiny Z Oliveri
618,Kerri Y Card
622,Young W Funes
641,Neomi P Pitchford
686,Ivan A Groner
792,Etsuko O Wilmot
796,William B Mcnerney
848,Logan D Berryman
956,Houston K Joe
1018,Coy I Gentner
1037,Jimmie F Vasquez
1053,Tommie S Fargo
1068,Daina U Ledet
1083,Sophia F Knecht
1107,Newton V Scalia
1177,Reatha E Osby
1275,Bell N Molinaro
1407,Jason V Gravois
1417,Elwood T More
1581,Lewis M Racette
1693,Leigh Y Haws
1718,Thomas B Felipe
1818,Israel T Hertzler
1836,Ona K Koepp
1893,Kristofer N Calahan
1918,Mark F Hamman
1952,Bobbie Q Holbrook
2060,Abe X Paro
2060,Mignon Q Dills
7,Casey D Krier
54,Scott K Ricco
56,Rosemarie K Fellows
218,Lisette F Cowley
224,Molly U Rasch
233,Felisha Q Ettinger
260,Linwood H Carter
274,Madelyn W Boos
293,Angelo B Fitzmaurice
434,Gregory I Kidwell
437,Bart B Gilcrease
449,Warner I Manly
458,Lala R Denman
497,Elsie S Depaz
655,Verla H Contreras
667,America V Lobel
700,Walter R Seddon
714,Margarito M Oxendine
725,Arnoldo D Mckeen
733,Kieth D Castelli
764,Ngoc P Pogue
800,Delana I Selfridge
844,Liane U Grafton
850,Vikki N Lezama
933,Allyn O Farrior
1001,Glady Q Kump
1027,Oscar R Bovee
1094,Valene Z Woodmansee
1162,Richard C Truman
1244,Luigi G Lembo
1259,Isaiah G Parrish
1364,Scott D Torrey
1371,Shirl M Caraballo
1403,Robin Z Stewart
1405,Shasta P Depuy
1434,Jorge R Coghlan
1619,Myles G Strum
1647,Herlinda U Negron
1648,Debbie C Lipsey
1751,Jenell S Sauers
1850,Leda Y Fabre
1864,Edmundo R Rew
1870,Gerry D Woolery
1898,Berna Z Stoller
1931,Adam B Katzer
1944,Kellee L Gravelle
1965,Shavon K Wescott
2064,Rozanne N Mielke
2064,Randee O Cassity
19,Shemika D Porterfield
65,Donte H Granger
129,Ahmed I Strope
221,Boris A Mccown
364,Omer H Moultrie
377,Hiram K Stokely
395,Deanna P Scoggin
412,Maris S Briggs
440,Lona T Collar
498,Eldridge M Benningfield
536,Jimmie A Rorie
741,Rachelle M Burkhead
828,Miguel P Karp
846,Raye T Willmon
869,Christi H Amaker
916,Liberty A Shroyer
930,Zack H Mumaw
1056,Blanch Y Mysliwiec
1082,Tammy Z Lorentz
1097,Maximina K Frates
1102,Kiara G Abrahamson
1111,Retha G Nealy
1121,Andre Q Maxon
1136,Vern T Lomeli
1154,Erin K Stclair
1175,Detra D Rymer
1216,Doug B Southwick
1286,Gia M Casas
1296,Emeline I Richer
1301,Richard J Fetter
1315,Rick Y Haefner
1387,Shannon J Force
1469,Gabriel E Pearsall
1486,Geri M Tuthill
1504,Lauren R Hennessy
1506,Monty C Hughes
1507,Bryant L Kinsman
1514,Giovanna M Clift
1604,Tracie J Winebarger
1622,Narcisa C Rayburn
1799,Almeda M Dunford
1834,Melida R Corle
1858,Armando H Seaborn
1875,Efrain L Wass
1927,Edra M Guthrie
1933,Harland S Renshaw
1947,Leroy H Styron
1960,Maryln H Springfield
15,Elenora S Whitehill
20,Izola E Ye
94,Dorethea U Engram
208,Anibal F Pieper
283,Ula W Hartl
300,Latanya C Law
312,Brent U Perlman
315,Eveline B Strecker
346,Keila A Lucas
349,Aliza X Sammons
366,Bennie E Manfredi
388,Lucinda Z Borton
454,Keila F Lofland
455,Royce K Goodwyn
463,Rickey I Delk
469,Delsie R Tennison
495,Jayme B Shimer
564,Gilbert M Wolfgram
565,Isabella X Russell
611,Rueben X Pidgeon
690,Raymond U Flavin
710,Larry K Mash
749,Nicolle A Crothers
766,Gustavo F Rouse
793,Victoria H Musson
816,Dawne Y Gardner
824,Newton L Cromartie
896,Doria Z Crouse
912,Gerry X Koh
974,Audrea K Papineau
994,Rhett H Goode
1120,Royal U Okeefe
1143,Keith Q Ofarrell
1150,Exie C Bradham
1165,George U Clouser
1192,Benny S Brinker
1202,Forrest Q Zell
1249,Audrie X Mccammon
1260,Marylyn K Ditto
1264,Kori J Fairfax
1299,Lamar W Estill
1419,Giuseppe D Chouinard
1421,Khalilah A Campo
1487,Darcel P Burford
1497,August C Navarette
1513,Lanelle W Berlanga
1522,Allene T Lepe
1544,Eladia A Braggs
1558,Agnes D Doud
1586,Carlo B Ali
1590,Emery P Sorrells
1650,Violet L Ertel
1669,Deeanna E Cluck
1709,Morgan K Rathbun
1752,Julius Q Stock
1753,Palmer O Beamer
1762,Vincent N Lennon
1844,Alexis D Bonelli
1852,Claretta D Wingert
1859,Cecily D Houser
1865,Horacio S Salazar
1868,Adelle E Brunner
1883,Janessa M Drennen
1928,Ewa B Staples
1954,Holley M Cathcart
2027,Tim N Schueller
2053,Therese Q Belden
2054,Susann A Faucett
2054,Bryan J Stampley
11,Larisa X Strauss
41,Adriana O Medved
57,Rick E Armenta
104,Garland J Verville
117,Ettie S Stilwell
121,Ronnie G Gumbs
159,Shirley H Mettler
184,Ahmed V Lease
194,Albert Z Dunford
197,Erin L Jasmin
198,Raphael W Kellner
228,Man W Bean
239,Nikia Z Thrasher
292,Cedrick M Cordle
297,Chi S Clopton
299,Carl M Paddock
441,Nestor T Ventura
456,Salvatore J Lindell
475,Phil T Urena
508,Buford Q Giancola
514,Garland Z Leavell
533,Fe A Schrock
548,Dustin Y Espey
562,Tinisha V Vince
567,Isis F Hash
571,Hai Y Arden
585,Gerardo Q Bergen
648,Jewel R Willhite
680,Jesus E Mclelland
747,Dortha Z Harty
806,Pete B Donnelly
833,Kristen A Beauchemin
861,Celesta L Reeser
982,Desiree L Sobel
1004,Izetta B Alford
1015,Hermila X Crosslin
1017,Tommy I Meadows
1084,Cordell M Tweedy
1179,Bernarda E Gervais
1211,Raymon I Chavarria
1224,Audrea B Prather
1241,Isis N Rufus
1298,Lucienne U Clyne
1311,Jasper P Barnaby
1321,Walter B Mcmorrow
1428,Shasta F Bay
1479,Darren U Shoulders
1482,Nicola S Bellis
1499,Thurman T Caceres
1562,Allen L Vachon
1568,Yung G Booher
1609,Emiko Z Lolley
1729,Dian I Peachey
1745,Carmen U Benbow
1747,Kimberly K Carr
1754,Damian F Mcgaughey
1763,Jeff W Zacarias
1816,Vernell X Amado
1876,Nadia B Rosner
1989,Elijah P Elkin
16,Kirby W Estrella
76,Bernie M Kish
95,Judson Y Hodson
98,Carey N Mccready
163,Shayne T Claytor
175,Ashlie G Cadena
246,Noah O Love
308,Lashaunda Y Munden
337,Colin V Likens
355,Kylie K Freda
367,Krishna G Raby
399,Launa N Kohl
416,Trent J Lockman
423,Alisha D Coppock
424,Richie I Weisz
426,Leticia V Lewandowski
438,Elaine B Randazzo
442,Jack J Warfel
462,Kitty S Sickles
493,Bruna R Welke
524,Felix S Croker
530,Eartha Z Oceguera
581,Laurena P Caston
587,Beatrice A Knopf
604,Zoila X Nair
613,Jae B Isabell
650,Donald P Phaneuf
653,Tyrell R Bramlett
895,Ela K Hames
941,Marlon M Caddell
947,Nolan V Velazco
961,Ashanti R Swim
991,Tamica J Holoman
1011,Marcell T Farias
1135,Abram Q Keffer
1160,Silas S Pyatt
1251,Patria D Riedel
1252,Nicholas B Salcedo
1324,Brendon E Mone
1331,Velda V Larue
1379,Sharita Y Lombardi
1389,Virgil R Yuen
1427,Delfina O Day
1430,Haley G Bova
1433,Margarite E Blalock
1453,Rina L Chacon
1459,Ramonita Z Fincher
1461,Lindsey W Whittle
1464,Mauricio U Talty
1537,Chau R Barron
1613,Lino M Lizarraga
1673,Fredericka J Varney
1721,Aundrea W Lundberg
1736,Son D Ricketts
1749,Dorothea J Canterbury
1761,Zenia D Owings
1784,Seth N Lipsky
1833,Miles N Light
1842,Tyler N Larkins
1881,Asa E Kunze
1912,Sal C Heiden
1916,Tomas V Krout
1948,Ben N Lamson
1956,Myra H Parra
1967,Adele M Burnam
1974,Adria M Melendrez
1979,Clemmie F Montague
1996,Valarie O Gorecki
2057,Adell W Trower
2057,Eric C Irvine
8,Letha L Apel
21,Nannie Z Seeman
33,Reynalda M Millwood
78,Tanner Y Hollenbeck
96,Amado C Bonet
125,Jeanetta N Norden
134,Paris U Leite
190,Alexis Q Grose
195,Chadwick I Hargreaves
207,Perry E Huddleston
231,Hollis Z Carr
291,Kiara T Martinez
330,Brigitte D Fendley
331,Bobbie P Chumley
333,Hong M Townson
359,Keith B Macha
362,Harriett A Mccurry
420,Andres S Garner
436,Ken X Weisberg
439,Moises U Hughs
471,Sunshine F Earle
631,Lavette P Cheney
679,Carmen F Barret
722,Lizzie D Ratcliff
727,Nick Q Packard
772,Alonzo W Stanford
830,Brett Z Vadnais
859,Madalene J Martine
865,Charles S Nicholes
882,Kristofer Y Fizer
889,Elmo G Pagano
911,Lindy M Reel
951,Dewayne X Groom
966,Elenora V Halley
1046,Rosette F Cascio
1190,Analisa X Birdsell
1234,Jacinta Y Cheney
1235,Matt D Bramblett
1304,Queenie M Alder
1309,Darwin W Lemoine
1396,Erik W Steffen
1446,Ching D Applegate
1516,Warren L Manion
1555,Celestine H Alderson
1574,Tammi S Garret
1607,Tamesha I Knepper
1671,Bernardina X Roesch
1692,Mariano Y Kyles
1720,Kristie E Jain
1734,Jeff E Lucero
1739,Leanna X Tibbetts
1764,Robbie N Heckman
1853,Bernard N Weatherly
1862,Lauren O Guzzi
1939,Carter C Hunt
1955,Isaiah Y Magwood
1966,Vicki Y Hargrave
2010,Orval Q Schlesinger
2013,Elois Z Ono
2016,Andreas L Kennard
2038,Randee X Blunt
5,Chester N Sitz
39,Allyson I Ours
52,Marlana W Zak
73,Shanti P Brinegar
160,Valentin T Dearborn
242,Stanton Y Cavallaro
252,Adelaide L Harrop
305,Vonda U Mckinnis
325,Graham O Romeo
328,Bert Q Lauritzen
338,Bryce B Edens
428,Leonia Y Derosier
446,Jesus H Guillen
485,Sammy C Holtzclaw
582,Irving C Pillar
584,Amiee Z Chaffins
612,Carolina B Pasillas
677,Stasia L Daley
692,Kimberlee J Hawkins
702,Valencia M Cuffee
780,Gavin V Mckillip
817,Veronica I Mower
819,Efren G Ager
855,Christoper K Manzano
910,Jayson S Carrol
939,Alexis C Amaral
969,Carter B Hilderbrand
992,Adelia U Villagomez
995,Silas J Wojcik
998,Sheila F Bergman
1044,Korey U Eddington
1099,Brenton U Boyett
1101,Debrah X Flury
1108,Min X Buckmaster
1114,Ramona V Hemphill
1157,Misti H Mendenhall
1207,Lemuel V Darden
1220,Ellis J Mccune
1238,Stacey H Galante
1268,Jaquelyn C Holzman
1395,Marcellus H Macintyre
1477,Toney O Gentle
1502,Sam E Lacey
1515,Arden B Fujita
1545,Linsey P Orsini
1549,Ruby B Hare
1560,Thomas H Huang
1670,Davida A Funkhouser
1681,Kristle D Figgs
1698,Duncan O Maheu
1756,Elijah X Ahmad
1758,Maryellen E Zackery
1771,Bret C Delancey
1798,Bryan V Guyton
1924,Lakenya Z Mccroskey
1970,Clyde P Ponton
1994,Waylon Z Curtsinger
2009,Reyes X Segal
18,Cristal Q Kucharski
28,Sidney D Amore
31,Stacy B Kennell
60,Marleen R Guyette
110,Claudio Q Bien
138,Esmeralda N Veliz
147,Toya B Rawlins
151,Lamar L Legg
153,Carey J Sandlin
216,Andres P Towles
247,Aleisha H Mathew
256,Kizzy W Brazelton
277,Jeffery A Brafford
339,Bernardo X Barbee
502,Lenny U Rister
523,Lamont J Brescia
555,Ilse X Harr
579,Janie P Caswell
590,Joesph Y Shrout
621,Dorla G Westberry
649,August C Strother
666,Lynn M Blocher
683,Kieth G Coney
717,Olevia U Cartier
757,Linwood J Franqui
775,Reagan H Costas
786,Rosalva G Shepley
797,Keenan W Spruell
804,Chrissy H Edmonson
808,Joleen H Chea
838,Les V Gran
847,Walter H Hargreaves
934,Akiko S Godby
1047,Simon G Cromwell
1055,Tim U Kornegay
1103,Loren I Casady
1115,Rufus F Furlong
1140,Zackary G Parkins
1163,Cedric N Cavallo
1184,Donya G Rodden
1265,Arlen F Maly
1281,Bo E Curlee
1285,Rosanna D Standley
1289,Jody K Rude
1344,Arlen Z Vanslyke
1356,Korey I Garrity
1374,Jose P Tubbs
1377,Elroy L Shorts
1383,Roberto A Fresquez
1431,Ronnie E Swim
1447,Brad I Pattison
1467,Angela P Lorenzen
1478,Russ U Belliveau
1485,Rashida M Durante
1489,Grady Y Perera
1535,Nigel O Sansom
1541,Orval N Pichardo
1577,Bong M Alvares
1580,Federico I Carlile
1597,Marco J Desilva
1615,Natasha L Mcelhannon
1658,Cristi T Clem
1696,Andreas T Viles
1701,Liz R Lomonaco
1755,Elenor B Gibbs
1774,Van T Dotson
1779,Hoyt O Reiss
1807,Danette A Kuykendall
1823,Silvana V Hendrix
1882,Clara B Sifuentes
1905,Luella W Kemmerer
1915,Adella U Foushee
1932,Mirian E Gorman
1950,Donna R Woodrum
1951,Dusty L Kugler
2035,Toney W Bollman
2068,Dennis K Cayer
2068,Karl O Langlinais
14,Hung H Nicola
49,Dovie F Larue
53,Verona H Brobst
63,Gwyn N Mitzel
70,Linh U Ashton
74,Guillermo X Schwan
75,Arron R Vegas
88,Curtis E Quayle
100,Walton U Kapoor
105,Cortez F Espiritu
204,Robert F Trudeau
261,Hyun M Gloss
269,Markus J Lamm
314,Rosaline H Brenneman
381,Steve S Everette
406,Alesia B Bear
464,Cythia I Stecker
496,Alanna L Tyrell
577,Tristan M Brackett
586,Bernardo I Garzon
600,Hubert L Kirkland
620,Reynaldo S Service
652,Mac U Palmquist
691,Monte F Mcginn
704,Deshawn O Mankin
771,Aurelio K Wyckoff
805,Janean A Tyler
826,Deandre U Groleau
845,Kristal F Bickford
856,Annabelle E Encinas
880,Sarita P Schubert
881,Jeanna U Li
899,Russ I Teed
942,Shavonne B Boylan
975,Isaac O Dempster
984,Corey F Stowe
1010,Stan I Folks
1014,Giuseppina E Fink
1028,Ingeborg Z Weisser
1100,Carolin T Loya
1137,Alda F Penning
1164,Talisha F Nicklas
1172,Terrance E Schiefelbein
1182,Tyree W Linden
1185,Cameron K Gratton
1218,Mack L Lykes
1243,Edmund K Masuda
1291,Alfred L Strausbaugh
1350,Cleveland A Zinke
1369,Damien A Izquierdo
1380,Chase T Scurry
1412,Lorriane P Ho
1492,Alina L Prowell
1529,Keven H Araiza
1554,Jaleesa I Averett
1564,Corina U Korhonen
1569,Andrew D Hersey
1587,Delphine P Carpio
1596,Joanie N Folkerts
1601,Keith E Moyes
1621,Katie N Kinnison
1630,Angel F Palomino
1639,Vicki V Broussard
1645,Sam C Limones
1667,Amelia H Burbank
1704,Daniel L Nava
1728,Jefferson N Thurman
1797,Forest Z Hacker
1804,Colleen B Lenihan
1826,Elease H Burger
1886,Benedict B Wix
1945,Minta J Branham
1962,Cicely W Colton
2003,Sheryll X Broadbent
2008,Margarett E Mulford
2040,Zane J Hurdle
2049,Fermin L Zapata
2052,Benedict U Daye
13,Sena U Delrosario
27,Forest Z Blewett
51,Cassaundra K Polito
83,Wiley U Maske
85,Taneka Q Church
90,Stanley F Casillas
97,Kraig P Brownfield
154,Clint Q Orear
155,Dawna T Woodbury
178,Andria Z Reza
238,Bertha E Harbison
286,Bert S Kinkade
304,Margrett M Confer
373,Tuan L Rhymes
397,Meda I Hayner
407,Adalberto W Creek
419,Renaldo K Cheatham
479,Grisel R Whitty
481,Clemente S Wiechmann
501,Wm S Goldschmidt
513,Lamar A Partida
592,Rex K Dion
699,Louann X Sakamoto
742,Murray D Pennock
789,Rosella E Marron
823,Nelida E Cheeks
829,Roselia F Britton
857,Gilberto U Greaves
878,Keven A Jewell
924,Kate O Paull
949,Marni O Otter
958,Augusta G Kircher
967,Lincoln D Cauley
990,Ramona W Rand
1042,Davis Z Gaylor
1052,Margit E Gallion
1073,Sharyl Y Torian
1133,Buddy W Lofgren
1221,Malcolm Y Bonaparte
1237,Marissa S Hughes
1257,Paz J Hegwood
1294,Jacinda X Michalec
1312,August F Dones
1362,Sherlene E Mcdaniel
1425,Linette Q Menard
1435,Emmanuel G Chamorro
1436,Jeramy T Londono
1556,Freddie C Headen
1585,Stefanie P Rose
1594,Paola R Timberlake
1614,Bridget D Spadaro
1651,Mauricio I Streets
1659,Les V Bejarano
1662,Vinita E Chamber
1664,Neil Z Stoughton
1682,Kassie Q Binder
1710,Carlton P Mahurin
1733,Mei H Silvera
1790,Cindie T Madden
1847,Van E Broadbent
1880,Joanna M Sandefur
1890,Estella E Miley
1908,Liana T Quesenberry
1949,Guy S Troy
2024,Isiah S Coppock
2025,Loren H Mckenzie
2036,Gwyn I Parish
2045,Norris P Ewen
2061,Tayna L Covarrubias
2061,Asley F Mcewan
4,Jeremiah N Curran
61,Troy J Higbee
77,Lesha K Cai
102,Denis T Yelle
133,Krissy S Valazquez
139,Hayden J Jang
152,Franklyn V Hummell
267,Patrick H Gilleland
306,Lidia S Gerling
311,Carlotta T Ryles
340,Digna Q Eck
342,Galina G Woodbury
378,Carmon A Howlett
380,Josiah R Gutierres
391,Leonel S Yuan
403,Sharri Z Gormley
460,Mignon H Ballesteros
474,Carmelia R Lattimer
486,Francis O Encarnacion
515,Denis Y Fehr
518,Lisa C Sheridan
529,Ezequiel N Shell
623,Timmy I Poteat
626,Nigel V Dupras
635,Meryl B Jude
656,Herb B Irving
689,Samantha V Lucky
715,Frankie I Speed
802,Wilhelmina Y Keaney
868,Karlene L Mckean
900,Emmitt X Plante
904,Chaya W Caudle
970,Reanna I Hampton
1033,Micaela N Buker
1062,Carmelia E Bergeron
1105,Ulysses S Abate
1161,Love G Lent
1196,Stan S Watt
1394,Kindra V Cruickshank
1411,Micheal F Mcleroy
1440,Gwyn E Etzel
1543,Ressie I Goodwyn
1631,Colton B Salzman
1640,Marylynn G Ealey
1700,Neil V Gebhard
1787,Kermit L Mcphail
1794,Julio P Dockery
1809,Tressa Q Standard
1885,Dwayne W Marker
2017,Ayako L Bachmann
12,Salena I Santillan
24,Nelson O Dubuc
79,Lincoln D Demaria
107,Eleonora S Pollard
193,Sherise C Bledsoe
230,Chase J Paradise
245,Ernestine E Fludd
271,Fernando S Korhonen
273,Shanti F Quirion
282,Dovie U Nickerson
307,Lacy Q Deshotel
361,Leslie I Stolte
382,Valene R Yost
393,Earlean Y Funke
421,Eloise Z Demoss
461,Keven F Bingham
556,Magaly U Mcneel
634,Mika J Rodriquez
662,Freddy A Rolling
709,Morgan O Carriere
724,Junita Y Huhn
743,Keira Y Till
773,Mickey E Hentges
803,Phil G Czarnecki
837,Glenn N Vinyard
893,Federico B Edmond
950,Lucas P Funes
983,Alden Y Cauley
1006,Giuseppina N Dagostino
1036,Danilo S Hammes
1060,Clotilde X Mason
1088,Petrina B Dampier
1119,Philip X Trinidad
1125,Sixta H Jo
1152,Mose O Brucker
1355,Andrew P Detweiler
1382,Judith D Gourdine
1563,Beatrice T Coen
1573,Terra D Routh
1582,Suzette F Lovejoy
1583,Jolanda L Dewees
1638,Dwain O Upham
1668,Alise O Baltzell
1675,Hal K Kells
1687,Jordan D Phu
1760,Mac V Lineberry
1766,Mina P Shotwell
1782,Doyle N Utter
1805,Tyler D Galindo
1835,Lizzette G Moyle
1937,Heath K Fell
1940,Meryl I Nau
1961,Terrell J Leader
1972,Cameron A Chamberland
1995,Jarred C Class
1997,Maxwell H Azevedo
2015,Millicent G Mangan
2041,Bernard A Harbert
42,Steven B Daigneault
182,Oren M Mcnabb
332,Susana H Hooks
343,Cedrick K Engelhardt
417,Rich Q Rehberg
429,Zachary S Velasquez
444,Garrett S Nolette
445,Antone W Polston
531,Isreal F Metoyer
602,Cyndy H Ary
721,Buck H Rancourt
760,Arlen M Joly
909,Jerome P Whitefield
932,Rafaela N Madrid
985,Tiny Q Llanos
1026,Jc S Meyers
1043,Hui E Bizzell
1127,Ronnie H Upton
1132,Cleveland W Franko
1307,Marcella Z Mapp
1310,Alease Y Lander
1322,Carrol O Arend
1390,Lyn Q Tso
1397,Lottie G Bonin
1458,Jong U Borchers
1525,Jamaal Z Resto
1588,Barrie E Collman
1618,Alphonso U Laffoon
1627,Pansy F Duchesne
1633,Karisa B Glidewell
1654,Lia J Liner
1737,Dudley G Slocum
1800,Emma X Monti
1812,Elias Y Pinkard
1871,Morgan V Leonetti
1929,Doyle T Grindstaff
1936,Robert C Ancheta
1975,Cole M Dellinger
2014,Tony E Keough
2022,Dulce E Grizzard
2056,Devin U Hales
2062,Leif Y Harness
2056,Orval Q Olinger
2062,Elvis J Stroh
119,Bud L Lofgren
202,Conrad R Saito
215,Dorothy Q Gard
253,Tiffaney A Schoenberg
281,Clint Q Strayhorn
287,Gertrud B Glidden
335,Eldridge B Bose
352,Lianne M Sweeney
453,Tonja E Lenahan
483,Nathan V Avendano
492,Jamison U Crutchfield
516,Dottie D Hagaman
521,Myron V Elsea
558,Rubin E Confer
601,Lavada W Maldanado
615,Lynwood Q Durfee
729,Dong B Sturdevant
763,Mandy W Lavalley
807,Kris L Bice
832,Windy A Dudek
954,Reinaldo G Castellanos
964,Astrid R Marinelli
986,Kendrick C Burchette
1066,Dale E Childers
1092,Reed O Vella
1128,Margarito O Retana
1166,Mervin E Goering
1180,Novella B Osman
1212,Windy S Pharr
1239,Josette R Betancourt
1318,Aileen F Hiltz
1340,Tonia X Silvis
1346,Bonny S Poor
1361,Randal J Kahle
1375,Sylvester M Harmer
1449,Britt P Shivers
1468,Clarence J Hinkson
1474,Vaughn N Garica
1534,Georgiann C Harrell
1548,Candelaria Q Zajicek
1550,Julio P Bryce
1552,Lyla Q Donald
1598,Ed X Shockley
1628,Christene F Blakemore
1641,Joanna H Deforest
1649,Tad V Laster
1724,Mirtha X Herzig
1740,Taylor O Thill
1802,Kirstie W Macey
1822,Heriberto Y Starkey
1829,Sherryl B Raker
1892,Dion K Taylor
1985,Kenton Q Villalta
1986,Johnie V Centers
2012,Vasiliki E Thoman
2048,Desirae D Ginn
2051,Elroy N Kimbler
1,Crystal U Comes
58,Iliana M Fogle
176,Ben U Gigliotti
199,Theresa R Fitzmaurice
200,Employees
227,Gwyn Etzel
248,Ressie Goodwyn
298,Colton Salzman
334,Marylynn Ealey
410,Bula Reich
466,Irwin River
488,Larisa Still
534,Neil Gebhard
599,Kermit Mcphail
616,Julio Dockery
625,Tressa Standard
731,Dwayne Marker
734,Ayako Bachmann
927,Salena Santillan
957,Nelson Dubuc
999,Lincoln Demaria
1025,Eleonora Pollard
1035,Rosina Gonsalves
1085,Douglas Cull
1158,Suellen Eoff
1210,Sherise Bledsoe
1329,Chase Paradise
1349,Ernestine Fludd
1392,Fernando Korhonen
1448,Shanti Quirion
1678,Dovie Nickerson
1708,Lacy Deshotel
1722,Leslie Stolte
1772,Valene Yost
1814,Earlean Funke
1815,Eloise Demoss
1909,Oliver Mouzon
1999,Caleb Luther
2034,Rebeca Kromer
2037,Keven Bingham
35,Magaly Mcneel
270,Mika Rodriquez
319,Freddy Rolling
347,Morgan Carriere
351,Austin Janney
387,Kaye Tubbs
404,Inger Gillan
468,Junita Huhn
470,Keira Till
477,Mickey Hentges
517,Phil Czarnecki
547,Glenn Vinyard
551,Federico Edmond
591,Lucas Funes
605,Alden Cauley
659,Efrain Moats
752,Vincenzo Rentschler
809,Yvone Seay
827,Giuseppina Dagostino
836,Danilo Hammes
875,Clotilde Mason
894,Petrina Dampier
936,Philip Trinidad
1029,Sixta Jo
1109,Mose Brucker
1148,Andrew Detweiler
1167,Cecil Teixeira
1171,Alysia Basil
1231,Chauncey Southerland
1242,Judith Gourdine
1292,Beatrice Coen
1334,Terra Routh
1408,Suzette Lovejoy
1480,Jolanda Dewees
1542,Dwain Upham
1547,Alise Baltzell
1595,Hal Kells
1768,Teddy Kleinschmidt
1803,Phyllis Figueredo
1854,Stanley Caudill
1860,Jordan Phu
1911,Mac Lineberry
1943,Mina Shotwell
1976,Doyle Utter
1998,Tyler Galindo
2031,Lizzette Moyle
46,Heath Fell
158,Meryl Nau
171,Terrell Leader
262,Cameron Chamberland
327,Jarred Class
430,Maxwell Azevedo
448,Jerri Dunkle
451,Chere Patchett
520,Leonore Reason
525,Millicent Mangan
526,Bernard Harbert
661,Steven Daigneault
663,Oren Mcnabb
754,Susana Hooks
843,Cedrick Engelhardt
902,Rich Rehberg
920,Zachary Velasquez
1076,Garrett Nolette
1126,Antone Polston
1188,Isreal Metoyer
1255,Cyndy Ary
1293,Buck Rancourt
1402,Arlen Joly
1599,Jerome Whitefield
1666,Rafaela Madrid
1706,Tiny Llanos
1767,Jc Meyers
1778,Cordell Riche
1813,Edgar Teer
1849,Kenneth Lucius
1866,Hui Bizzell
1971,Ronnie Upton
36,Cleveland Franko
40,Marcella Mapp
68,Alease Lander
132,Carrol Arend
392,Lyn Tso
665,Lottie Bonin
671,Jong Borchers
744,Garnett Dryer
852,Chris Braggs
874,Willia Vath
913,Jamaal Resto
1039,Barrie Collman
1098,Alphonso Laffoon
1200,Pansy Duchesne
1206,Karisa Glidewell
1225,Lia Liner
1246,Dudley Slocum
1267,Emma Monti
1288,Elias Pinkard
1295,Morgan Leonetti
1333,Doyle Grindstaff
1471,Robert Ancheta
1475,Cole Dellinger
1481,Tony Keough
1496,Dulce Grizzard
1523,Devin Hales
1608,Leif Harness
1642,Orval Olinger
1683,Angel Ferebee
1703,Annette Jolin
1792,Odette Gorden
1903,Elvis Stroh
2020,Bud Lofgren
86,Conrad Saito
101,Dorothy Gard
192,Tiffaney Schoenberg
206,Clint Strayhorn
240,Gertrud Glidden
264,Eldridge Bose
302,Lianne Sweeney
336,Tonja Lenahan
341,Nathan Avendano
372,Jamison Crutchfield
425,Dottie Hagaman
452,Myron Elsea
544,Rubin Confer
606,Lavada Maldanado
684,Susan Barra
783,Richelle Haffner
834,Maybelle Rush
864,Otha Sylvester
972,Selma Abram
996,Joaquin Vaz
1002,Wilfred Honore
1045,Rolando Womble
1049,Rodney Leonardo
1117,Beryl Helsel
1195,Rosetta Messerly
1277,Gerry Harvey
1306,Jazmin Wheless
1460,Ross Imai
1465,Meryl Gow
1546,Bill Tarkington
1553,Lesley Macpherson
1611,Heath Aikin
1612,Mellissa Hembree
1635,Katheryn Holtzclaw
1712,Tempie Peralta
1719,Lynwood Durfee
1744,Dong Sturdevant
1845,Mandy Lavalley
1888,Kris Bice
1922,Windy Dudek
2046,Reinaldo Castellanos
38,Astrid Marinelli
62,Kendrick Burchette
103,Dale Childers
118,Reed Vella
124,Margarito Retana
244,Mervin Goering
288,Novella Osman
363,Windy Pharr
487,Josette Betancourt
550,Aileen Hiltz
575,Tonia Silvis
580,Bonny Poor
624,Randal Kahle
1007,Sylvester Harmer
1069,Britt Shivers
1080,Clarence Hinkson
1124,Vaughn Garica
1204,Georgiann Harrell
1217,Candelaria Zajicek
1228,Sharlene Klein
1280,Cliff Skipworth
1314,Nannette Ressler
1457,Toby Riles
1527,Londa Petrey
1602,Darin Keitt
1727,Jeremiah Harriss
1732,Lance Pennington
1789,Carlos Banh
1801,Elliott Chess
1821,Yong Ramsey
1857,Julio Bryce
1863,Lyla Donald
1869,Ed Shockley
376,Christene Blakemore
447,Joanna Deforest
467,Tad Laster
574,Mirtha Herzig
728,Taylor Thill
746,Alfonzo Knupp
785,Marketta Candelaria
820,Ferdinand Ramsdell
903,Otto Reilly
925,Timmy Kitchens
987,Rene Morel
1003,Kassie Akers
1438,Jeremy Belew
1443,Nella Mckeown
1503,Derrick Culbreth
1625,Elsy Beyer
1676,Kirstie Macey
1716,Heriberto Starkey
1731,Sherryl Raker
1827,Dion Taylor
1856,Kenton Villalta
1934,Johnie Centers
1993,Vasiliki Thoman
2000,Desirae Ginn
64,Elroy Kimbler
473,Cayla Mealy
595,Jillian Harry
664,Tammy Staples
712,Rob Spier
945,Brande Sevier
1022,Jody Slavens
1024,Emile Aponte
1116,Birdie Savoy
1258,Jackie Sachs
1263,Abbey Schindler
1363,Al Fegley
1466,Crystal Comes
1557,Iliana Fogle
1576,Ben Gigliotti
1644,Theresa Fitzmaurice
1691,Nathanael Halloway
1867,Valeria Fang
1900,Robert Winsor
2,Willian Zeringue
170,Misti Royal
275,Porfirio Houghton
396,Windy Valadez
431,Noble Sanderson
499,Laurinda Dinh
638,Jefferey Folkerts
840,Stephnie Millman
887,Lowell Demmer
944,Seth Willilams
1138,Lorri Garney
1256,Maire Mair
1420,Serina Lingle
1473,Anisha Jasmin
1484,Edmund Mcclung
1509,Patty Hosey
1617,Faustino Scheffel
1655,Andrea Rhymes
1661,Rogelio Ledezma
1674,Rogelio Finnerty
1677,Celine Baskin
1757,Alec Mcnees
1941,Christie Rodger
2065,Orville Massey
2065,Marget Dials
47,Isiah Wilkie
80,Adelia Abbas
141,Emma Dice
174,Horace Hobart
226,Katia Foran
249,Sanford Knee
323,Genaro Lukasik
385,Jennefer Ours
491,Lucy Reiser
569,Toney Buffum
644,Gearldine Stolte
716,Jerome Spangler
723,Miles Lambert
738,Zachary Haugland
815,Sol Coffman
905,Tad Portillo
997,Rich Cleek
1005,Maricela Pendergrass
1030,Clinton Tschida
1040,Reggie Cramer
1061,Lilli Tartt
1113,Tamera Balser
1215,Oswaldo Baumbach
1317,Valentin Escoto
1539,Mathilda Monty
1591,Jamel Meaney
1606,Dane Lawrence
1656,Joline Frisby
2044,Rosa Iler
2055,Jimmie Esqueda
2055,Xochitl Hogan
116,Providencia Hennings
120,Ena Thor
145,Prince Maloof
162,Mason Shiflett
179,Williams Timko
211,Ezra Calvert
258,Fabian Say
296,Ramon Heldt
353,Orville Marcantel
408,Belva Fitzwater
500,Porsche Dearing
851,Jon Arvizu
1081,Grisel Sutton
1282,Quinn Linneman
1297,Elvis Veiga
1352,Charlie Moxley
1367,Marg Dunfee
1391,Don Southwick
1786,Maryjo Mccloy
259,Stuart Fullwood
316,Grover Mcgahey
329,Archie Blair
433,Abe Morales
543,Zachery Barna
546,Waldo Witmer
630,Troy Michalski
776,Un Zebrowski
791,Bud Kistner
813,Donnell Babbitt
867,Jack Partin
976,Ena Mullins
1038,Russel Baumer
1118,Roscoe Tunney
1319,Jimmy Canaday
1401,Karie Renninger
1409,Perry Outland
2019,Raymundo Pecora
23,Samuel Dart
32,Jeffrey Berg
205,Heriberto Rollo
250,Sharonda Janzen
386,Agnes Blow
682,Bethann Marini
730,Xochitl Luse
769,Bridget Rake
862,Marcellus Jalbert
897,Kimberly Duquette
901,Wendolyn Riddle
981,Les Priolo
1050,Margit Gallaher
1201,Jerrell Mcfarlin
1472,Garret Flakes
1572,Noel Garon
1689,Rory Syed
1775,Kandis Owenby
1968,Young Rueb
126,Josie Hofman
148,Rod Catania
303,Thora Vanhook
450,Loraine Barnes
522,Ute Outen
578,Marylouise Howland
698,Kacy Cairns
799,Ligia Hoeft
1013,Karima Metivier
1070,Tod Rene
1245,Stewart Mazurek
1250,Jenni Olguin
1422,Raguel Yeager
1520,Shawanda Ostlund
1665,Jeff Mallon
1830,Demarcus Recio
1969,Eleanora Farthing
1980,Loren Isaac
84,Homer Hollowell
106,Billie Liang
254,Jules Shugart
374,Aiko Blossom
389,Jesus Tafolla
505,Titus Eide
597,Latrice Kirch
787,Bryanna Pyron
842,Lyndon Dunkley
1034,Sydney Trosper
1074,Effie Jelinek
1096,Lou Baine
1278,Fawn Buckman
1336,Solange Landaverde
1372,Sonny Najar
1424,Wilton Florence
1501,Kaci Whitacre
1578,Aron Durante
1694,Clark Spence
1770,Kristopher Alejos
1873,Kasi Blakeslee
1973,Phillip Crabill
112,Larry Osby
161,Vance Kuss
241,Christena Kratz
532,Keitha Foran
762,Valentine Gibbon
1071,Winona Slape
1191,Trey Kaiser
1338,Lester Coldiron
1373,Hassan Radabaugh
1441,Victor Helmuth
1907,Shavonne Henkle
1935,Zella Renn
2026,Dee Joslyn
2032,Kali Kennamer
223,Jon Behler
482,Rufus Neufeld
568,Tyson High
1483,Nilsa Arambula
131,Irene Ellerbee
165,Lidia Kuiper
214,Darron Tittle
422,Enda Kirchner
825,Drucilla Simkins
918,Lois Cozad
940,Leland David
977,Rusty Bibby
1308,Tracey Lapinski
1360,Shara Millsap
1423,Armida Bridwell
1824,Latia Gleaton
1837,Theda Timothy
1938,Malcom Darrah
10,Linn Plummer
81,Ben Lagrange
91,Isaac Tsan
140,Cheree Lusk
309,Marivel Seiter
321,Leeban
1032,Sesario
1048,Stephen
1254,Michael
1283,Johnson
549,Dwyane
573,Cena
732,Ramji
1233,Leo
1697,Das
